y_true,y_pred,y_score,site,sex,age_bucket
0,0,0.3494,hospital_A,F,40-64
1,1,0.9749,hospital_A,M,65+
0,0,0.0925,hospital_A,M,0-39
0,0,0.1761,hospital_A,M,0-39
1,1,0.9313,hospital_A,F,40-64
1,1,0.5355,hospital_A,M,40-64
0,0,0.1181,hospital_A,F,0-39
0,0,0.1069,hospital_A,F,40-64
0,0,0.3539,hospital_A,F,0-39
1,1,0.8399,hospital_A,F,65+
0,0,0.2692,hospital_A,F,65+
0,0,0.3172,hospital_A,F,40-64
0,0,0.0758,hospital_A,M,40-64
1,1,0.7239,hospital_A,F,40-64
1,0,0.4849,hospital_A,F,40-64
0,0,0.2272,hospital_A,F,0-39
1,1,0.8893,hospital_A,M,0-39
1,1,0.6115,hospital_A,M,65+
1,1,0.9341,hospital_A,F,65+
1,1,0.6188,hospital_A,M,40-64
1,1,0.9185,hospital_A,M,65+
0,0,0.0997,hospital_A,M,40-64
1,1,0.9108,hospital_A,M,40-64
1,1,0.7776,hospital_A,F,65+
0,0,0.1182,hospital_A,M,0-39
0,0,0.1147,hospital_A,M,65+
0,0,0.2498,hospital_A,F,0-39
0,0,0.1946,hospital_A,M,65+
1,1,0.6918,hospital_A,M,40-64
1,1,0.746,hospital_A,M,0-39
0,0,0.0913,hospital_A,F,65+
1,1,0.7009,hospital_A,F,40-64
1,1,0.8973,hospital_A,M,0-39
1,1,0.7674,hospital_A,F,40-64
1,1,0.7884,hospital_A,F,40-64
0,0,0.0659,hospital_A,F,0-39
1,1,0.8346,hospital_A,F,65+
1,1,0.8351,hospital_A,F,40-64
1,1,0.8661,hospital_A,F,0-39
1,1,0.964,hospital_A,F,0-39
0,0,0.031,hospital_A,M,0-39
0,0,0.0636,hospital_A,M,40-64
1,1,0.9732,hospital_A,M,0-39
0,0,0.2205,hospital_A,M,0-39
0,0,0.2127,hospital_A,M,65+
0,0,0.2612,hospital_A,F,40-64
1,1,0.9285,hospital_A,M,0-39
1,1,0.7337,hospital_A,F,65+
0,1,0.5272,hospital_A,M,0-39
1,1,0.6727,hospital_A,M,65+
1,1,0.7437,hospital_A,M,40-64
1,1,0.8562,hospital_A,F,40-64
0,0,0.0544,hospital_A,M,0-39
0,0,0.163,hospital_A,M,40-64
0,0,0.256,hospital_A,M,0-39
1,1,0.7217,hospital_A,M,40-64
0,0,0.1283,hospital_A,M,40-64
1,1,0.8056,hospital_A,F,65+
0,0,0.1832,hospital_A,F,0-39
0,1,0.5353,hospital_A,F,0-39
0,0,0.1723,hospital_A,M,0-39
1,1,0.8364,hospital_A,M,40-64
1,1,0.8395,hospital_A,F,65+
1,1,0.954,hospital_A,M,40-64
1,1,0.932,hospital_A,M,0-39
0,0,0.2787,hospital_A,M,40-64
0,0,0.3195,hospital_A,M,65+
0,0,0.1151,hospital_A,M,0-39
0,0,0.2424,hospital_A,F,40-64
1,1,0.5236,hospital_A,F,40-64
1,1,0.6574,hospital_A,M,65+
1,1,0.7578,hospital_A,F,65+
1,1,0.99,hospital_A,F,40-64
0,0,0.235,hospital_A,M,0-39
0,0,0.1839,hospital_A,F,40-64
1,1,0.7467,hospital_A,M,65+
0,0,0.2549,hospital_A,M,40-64
1,1,0.903,hospital_A,M,0-39
1,1,0.9275,hospital_A,F,65+
1,1,0.9564,hospital_A,F,40-64
0,0,0.2016,hospital_A,M,65+
0,0,0.2254,hospital_A,M,0-39
1,1,0.6338,hospital_A,F,0-39
0,0,0.2749,hospital_A,M,40-64
1,1,0.9521,hospital_A,M,0-39
1,1,0.7298,hospital_A,M,65+
1,1,0.7271,hospital_A,M,0-39
0,0,0.1702,hospital_A,F,0-39
0,0,0.2486,hospital_A,M,0-39
0,0,0.0281,hospital_A,F,40-64
1,1,0.9211,hospital_A,F,0-39
0,0,0.0337,hospital_A,M,40-64
0,0,0.1005,hospital_A,F,65+
1,1,0.6809,hospital_A,M,0-39
1,1,0.9676,hospital_A,M,40-64
1,1,0.6476,hospital_A,M,65+
1,1,0.8446,hospital_A,F,40-64
0,0,0.0388,hospital_A,M,0-39
0,0,0.117,hospital_A,F,40-64
0,0,0.0592,hospital_A,F,0-39
0,0,0.1546,hospital_A,F,0-39
1,1,0.6411,hospital_A,F,0-39
1,1,0.9115,hospital_A,M,65+
1,1,0.9105,hospital_A,M,40-64
0,0,0.2027,hospital_A,F,0-39
1,1,0.8587,hospital_A,F,0-39
1,1,0.8221,hospital_A,F,65+
0,0,0.1148,hospital_A,M,40-64
0,0,0.1417,hospital_A,M,0-39
1,1,0.9382,hospital_A,F,40-64
1,1,0.6509,hospital_A,M,65+
1,1,0.7855,hospital_A,M,0-39
0,0,0.2774,hospital_A,M,65+
1,1,0.8912,hospital_A,M,0-39
1,1,0.8459,hospital_A,M,65+
1,1,0.8267,hospital_A,M,65+
0,0,0.0924,hospital_A,F,40-64
0,0,0.1377,hospital_A,F,40-64
0,0,0.0734,hospital_A,F,65+
1,1,0.5773,hospital_A,F,65+
0,0,0.1948,hospital_A,M,0-39
0,0,0.1895,hospital_A,M,65+
0,0,0.0552,hospital_A,M,0-39
0,0,0.0905,hospital_A,M,0-39
0,0,0.3929,hospital_A,F,65+
0,0,0.1701,hospital_A,F,0-39
1,1,0.9051,hospital_A,F,0-39
1,1,0.7712,hospital_A,M,40-64
0,0,0.0239,hospital_A,M,0-39
0,0,0.0173,hospital_A,M,40-64
0,0,0.1698,hospital_A,M,0-39
0,0,0.2885,hospital_A,M,40-64
1,1,0.7738,hospital_A,F,0-39
0,0,0.274,hospital_A,F,40-64
0,0,0.1456,hospital_A,M,40-64
1,1,0.9787,hospital_A,M,65+
0,0,0.2293,hospital_A,M,40-64
0,0,0.1662,hospital_A,F,65+
1,1,0.8598,hospital_A,M,65+
0,0,0.1185,hospital_A,M,65+
1,1,0.7435,hospital_A,M,65+
1,1,0.8231,hospital_A,M,40-64
1,1,0.7819,hospital_A,F,40-64
0,0,0.0559,hospital_A,M,40-64
0,0,0.0877,hospital_A,F,0-39
1,1,0.8283,hospital_A,M,40-64
1,1,0.949,hospital_A,M,65+
1,1,0.8228,hospital_A,M,0-39
1,1,0.8433,hospital_A,M,65+
0,0,0.1354,hospital_A,M,40-64
0,0,0.1449,hospital_A,M,40-64
0,0,0.2071,hospital_A,M,0-39
0,0,0.2489,hospital_A,F,40-64
0,0,0.117,hospital_A,F,40-64
1,1,0.9298,hospital_A,M,0-39
0,0,0.2201,hospital_A,F,0-39
1,1,0.9041,hospital_A,M,0-39
1,1,0.8045,hospital_A,M,65+
1,1,0.9955,hospital_A,F,40-64
0,0,0.0766,hospital_A,M,65+
1,1,0.8423,hospital_A,M,0-39
1,1,0.7861,hospital_A,F,65+
1,1,0.6097,hospital_A,F,40-64
0,0,0.1679,hospital_A,F,65+
1,1,0.9467,hospital_A,M,0-39
0,0,0.0541,hospital_A,M,0-39
0,0,0.0714,hospital_A,F,40-64
0,0,0.1882,hospital_A,M,40-64
1,1,0.8748,hospital_A,M,40-64
1,1,0.7722,hospital_A,M,40-64
1,1,0.7246,hospital_A,F,40-64
1,1,0.7292,hospital_A,F,40-64
0,0,0.1804,hospital_A,M,65+
0,0,0.0348,hospital_A,M,65+
1,1,0.8487,hospital_A,F,0-39
1,1,0.8785,hospital_A,F,40-64
1,1,0.9513,hospital_A,F,40-64
1,1,0.8049,hospital_A,F,40-64
0,0,0.0635,hospital_A,F,0-39
1,1,0.7263,hospital_A,F,0-39
1,1,0.8896,hospital_A,F,65+
0,0,0.0377,hospital_A,M,0-39
0,0,0.0841,hospital_A,M,40-64
1,1,0.656,hospital_A,F,40-64
0,0,0.4469,hospital_A,F,65+
0,0,0.0837,hospital_A,M,0-39
0,0,0.1641,hospital_A,F,0-39
1,1,0.7065,hospital_A,M,65+
1,1,0.7224,hospital_A,M,40-64
1,1,0.8576,hospital_A,F,0-39
1,1,0.7713,hospital_A,F,40-64
0,0,0.1858,hospital_A,M,40-64
1,1,0.8855,hospital_A,M,65+
0,0,0.2197,hospital_A,F,65+
0,0,0.1064,hospital_A,F,0-39
1,1,0.7078,hospital_A,M,40-64
0,0,0.3449,hospital_A,F,65+
0,0,0.0843,hospital_A,F,40-64
1,1,0.9417,hospital_A,F,0-39
0,0,0.1458,hospital_A,F,40-64
0,0,0.2748,hospital_A,F,0-39
0,0,0.1116,hospital_A,M,0-39
1,1,0.8325,hospital_A,F,40-64
1,1,0.959,hospital_A,F,40-64
1,1,0.7858,hospital_A,F,65+
1,1,0.9807,hospital_A,M,40-64
1,1,0.6201,hospital_A,F,65+
0,0,0.0942,hospital_A,M,40-64
0,0,0.2303,hospital_A,M,40-64
1,1,0.8228,hospital_A,F,65+
1,1,0.9608,hospital_A,F,40-64
0,0,0.0854,hospital_A,F,0-39
0,0,0.1216,hospital_A,M,40-64
1,1,0.8619,hospital_A,F,40-64
0,0,0.2519,hospital_A,F,65+
0,0,0.121,hospital_A,M,40-64
1,1,0.6669,hospital_A,F,40-64
0,0,0.0988,hospital_A,M,65+
0,0,0.331,hospital_A,M,40-64
0,0,0.1292,hospital_A,M,65+
1,1,0.7769,hospital_A,M,40-64
1,1,0.9503,hospital_A,M,40-64
1,1,0.9926,hospital_A,M,40-64
0,0,0.0639,hospital_A,F,40-64
0,0,0.1443,hospital_A,F,40-64
0,0,0.0608,hospital_A,M,65+
0,0,0.1084,hospital_A,M,0-39
0,0,0.2134,hospital_A,M,65+
1,1,0.8347,hospital_A,M,40-64
1,1,0.772,hospital_A,F,40-64
1,1,0.7867,hospital_A,F,65+
0,0,0.1716,hospital_A,F,40-64
0,0,0.1332,hospital_A,F,65+
0,0,0.1196,hospital_A,F,0-39
0,0,0.0417,hospital_A,M,40-64
0,0,0.1793,hospital_A,F,0-39
0,0,0.0151,hospital_A,M,0-39
0,0,0.3494,hospital_A,F,40-64
1,1,0.8446,hospital_A,F,0-39
1,1,0.7135,hospital_A,M,40-64
1,1,0.9468,hospital_A,F,40-64
1,1,0.8049,hospital_A,M,65+
0,0,0.22,hospital_A,F,65+
0,0,0.2858,hospital_A,F,65+
1,1,0.9278,hospital_A,M,0-39
1,1,0.8984,hospital_A,F,65+
0,0,0.0299,hospital_A,M,65+
0,0,0.0373,hospital_A,F,0-39
1,1,0.8584,hospital_A,F,0-39
0,0,0.2936,hospital_A,F,40-64
1,1,0.9471,hospital_A,M,40-64
1,1,0.6908,hospital_A,M,40-64
0,0,0.1523,hospital_A,M,40-64
1,1,0.7253,hospital_A,F,0-39
0,0,0.2714,hospital_A,F,0-39
1,1,0.7505,hospital_A,M,0-39
1,1,0.9207,hospital_A,M,65+
0,0,0.0768,hospital_A,F,65+
1,1,0.9251,hospital_A,M,65+
1,1,0.9249,hospital_A,F,0-39
1,1,0.7796,hospital_A,M,65+
1,1,0.8995,hospital_A,F,40-64
0,0,0.2023,hospital_A,M,65+
1,1,0.9071,hospital_A,M,0-39
1,1,0.8209,hospital_A,F,40-64
0,0,0.0969,hospital_A,M,40-64
0,0,0.0461,hospital_A,F,65+
1,1,0.7024,hospital_A,M,40-64
1,1,0.7303,hospital_A,F,65+
1,1,0.945,hospital_A,M,0-39
0,0,0.0561,hospital_A,F,65+
0,0,0.1027,hospital_A,M,65+
1,1,0.7442,hospital_A,F,65+
1,1,0.9362,hospital_A,M,40-64
1,1,0.8576,hospital_A,F,65+
0,0,0.161,hospital_A,M,0-39
1,1,0.8201,hospital_A,M,0-39
1,1,0.9367,hospital_A,F,0-39
1,1,0.8421,hospital_A,M,65+
1,1,0.7896,hospital_A,M,40-64
1,1,0.9459,hospital_A,M,0-39
1,1,0.9658,hospital_A,M,0-39
0,0,0.1561,hospital_A,F,40-64
1,1,0.7008,hospital_A,M,65+
1,1,0.8931,hospital_A,F,65+
0,0,0.0972,hospital_A,M,40-64
1,1,0.7444,hospital_A,F,40-64
0,0,0.1149,hospital_A,F,0-39
1,1,0.8533,hospital_A,F,0-39
0,0,0.0494,hospital_A,F,40-64
0,0,0.0309,hospital_A,M,40-64
1,1,0.8283,hospital_A,F,40-64
0,0,0.178,hospital_A,F,40-64
1,1,0.9247,hospital_A,F,40-64
0,0,0.2321,hospital_A,M,0-39
0,0,0.1556,hospital_A,M,40-64
0,0,0.2596,hospital_A,F,0-39
1,1,0.8621,hospital_A,F,40-64
0,0,0.1672,hospital_A,M,65+
0,0,0.2817,hospital_A,F,65+
1,1,0.815,hospital_B,M,0-39
1,1,0.8352,hospital_B,M,0-39
1,1,0.7442,hospital_B,M,40-64
0,0,0.078,hospital_B,F,0-39
1,1,0.8526,hospital_B,M,40-64
0,0,0.0916,hospital_B,F,65+
1,1,0.6722,hospital_B,M,65+
0,0,0.2356,hospital_B,M,0-39
0,0,0.0408,hospital_B,M,40-64
0,0,0.4166,hospital_B,M,65+
0,0,0.1912,hospital_B,M,40-64
1,1,0.6963,hospital_B,M,40-64
0,0,0.0493,hospital_B,F,65+
0,0,0.4509,hospital_B,F,0-39
0,1,0.5495,hospital_B,M,40-64
1,1,0.7715,hospital_B,F,0-39
0,0,0.11,hospital_B,M,0-39
1,1,0.6971,hospital_B,F,0-39
1,1,0.5434,hospital_B,M,40-64
1,1,0.665,hospital_B,M,65+
0,0,0.0192,hospital_B,F,40-64
0,0,0.1646,hospital_B,F,65+
0,0,0.0701,hospital_B,F,40-64
0,0,0.1353,hospital_B,F,65+
0,0,0.1544,hospital_B,M,40-64
0,0,0.209,hospital_B,F,65+
1,1,0.8011,hospital_B,M,40-64
0,0,0.154,hospital_B,F,0-39
0,0,0.1672,hospital_B,M,40-64
0,0,0.3942,hospital_B,F,40-64
0,0,0.1741,hospital_B,F,0-39
0,0,0.0762,hospital_B,F,40-64
1,1,0.5981,hospital_B,M,40-64
0,0,0.0227,hospital_B,F,40-64
1,1,0.7407,hospital_B,F,40-64
0,0,0.0328,hospital_B,F,0-39
0,0,0.0547,hospital_B,F,40-64
0,0,0.1742,hospital_B,M,0-39
0,0,0.1968,hospital_B,F,0-39
1,1,0.7557,hospital_B,M,40-64
0,0,0.102,hospital_B,F,40-64
0,0,0.0699,hospital_B,M,40-64
1,1,0.9035,hospital_B,M,65+
1,1,0.9332,hospital_B,M,40-64
1,1,0.6597,hospital_B,M,40-64
0,0,0.0403,hospital_B,F,40-64
1,1,0.7743,hospital_B,F,40-64
0,0,0.1848,hospital_B,M,65+
1,1,0.6051,hospital_B,M,40-64
1,1,0.7238,hospital_B,F,40-64
1,1,0.6379,hospital_B,F,0-39
1,1,0.5568,hospital_B,F,65+
1,1,0.5146,hospital_B,F,40-64
1,1,0.8092,hospital_B,M,65+
1,1,0.5469,hospital_B,M,40-64
0,0,0.1792,hospital_B,F,0-39
1,1,0.7603,hospital_B,F,65+
1,1,0.545,hospital_B,M,0-39
0,0,0.1368,hospital_B,M,40-64
0,0,0.1872,hospital_B,M,40-64
0,0,0.0806,hospital_B,F,65+
0,0,0.1849,hospital_B,F,40-64
1,1,0.6842,hospital_B,M,0-39
1,1,0.6894,hospital_B,M,65+
0,0,0.1892,hospital_B,M,0-39
1,1,0.6417,hospital_B,M,0-39
0,0,0.2111,hospital_B,M,40-64
0,0,0.1705,hospital_B,M,40-64
1,1,0.7559,hospital_B,M,40-64
1,1,0.9295,hospital_B,F,0-39
1,1,0.6608,hospital_B,M,40-64
1,1,0.5114,hospital_B,M,65+
1,0,0.4753,hospital_B,F,0-39
0,0,0.2388,hospital_B,M,40-64
1,0,0.4849,hospital_B,F,0-39
0,0,0.2095,hospital_B,M,40-64
0,0,0.236,hospital_B,F,0-39
0,0,0.1169,hospital_B,M,40-64
1,1,0.7646,hospital_B,M,0-39
0,0,0.1075,hospital_B,M,0-39
0,0,0.4328,hospital_B,M,0-39
1,0,0.4058,hospital_B,M,0-39
1,1,0.6207,hospital_B,M,65+
0,0,0.2823,hospital_B,F,40-64
0,0,0.2157,hospital_B,F,65+
1,1,0.6035,hospital_B,F,0-39
1,1,0.8812,hospital_B,F,40-64
0,0,0.2762,hospital_B,M,65+
1,1,0.7482,hospital_B,F,0-39
0,0,0.0422,hospital_B,M,40-64
1,1,0.7144,hospital_B,F,40-64
1,0,0.4979,hospital_B,M,0-39
1,1,0.8799,hospital_B,M,40-64
0,0,0.1622,hospital_B,F,40-64
1,0,0.3785,hospital_B,M,40-64
0,0,0.285,hospital_B,M,0-39
0,0,0.1015,hospital_B,F,40-64
0,0,0.1353,hospital_B,F,65+
0,0,0.2665,hospital_B,M,65+
1,1,0.6824,hospital_B,M,0-39
0,0,0.0121,hospital_B,F,40-64
0,0,0.0952,hospital_B,F,65+
1,1,0.7537,hospital_B,F,65+
1,1,0.507,hospital_B,F,40-64
1,1,0.8198,hospital_B,F,65+
1,1,0.6498,hospital_B,M,40-64
1,1,0.707,hospital_B,F,65+
1,1,0.8106,hospital_B,F,0-39
1,0,0.4976,hospital_B,M,65+
0,0,0.0882,hospital_B,M,0-39
1,0,0.4958,hospital_B,F,65+
0,0,0.0843,hospital_B,M,40-64
0,0,0.1015,hospital_B,M,40-64
0,0,0.1711,hospital_B,F,0-39
1,1,0.7401,hospital_B,M,0-39
0,0,0.1109,hospital_B,M,40-64
0,0,0.4371,hospital_B,M,0-39
0,0,0.1221,hospital_B,M,0-39
1,0,0.4778,hospital_B,M,65+
1,1,0.5885,hospital_B,F,65+
0,0,0.1641,hospital_B,F,40-64
0,0,0.0774,hospital_B,M,40-64
1,1,0.7708,hospital_B,F,0-39
1,1,0.8652,hospital_B,M,65+
1,1,0.5742,hospital_B,F,0-39
0,0,0.0166,hospital_B,F,40-64
1,1,0.8523,hospital_B,F,40-64
1,1,0.6149,hospital_B,M,40-64
1,1,0.624,hospital_B,M,40-64
0,0,0.106,hospital_B,F,65+
1,1,0.8553,hospital_B,M,40-64
1,1,0.8173,hospital_B,F,40-64
0,0,0.2984,hospital_B,F,40-64
0,0,0.2029,hospital_B,M,40-64
1,1,0.7412,hospital_B,M,65+
1,1,0.7158,hospital_B,F,40-64
0,0,0.2689,hospital_B,M,40-64
1,1,0.6572,hospital_B,F,40-64
1,1,0.6329,hospital_B,F,65+
0,0,0.0483,hospital_B,M,65+
0,0,0.3649,hospital_B,M,40-64
1,0,0.4983,hospital_B,M,40-64
1,1,0.8324,hospital_B,M,40-64
0,0,0.073,hospital_B,M,40-64
1,1,0.8031,hospital_B,M,65+
0,0,0.254,hospital_B,M,0-39
0,0,0.1227,hospital_B,F,40-64
0,0,0.0796,hospital_B,F,0-39
0,0,0.1052,hospital_B,F,0-39
0,0,0.0534,hospital_B,M,40-64
1,1,0.6357,hospital_B,M,65+
1,1,0.9231,hospital_B,F,65+
0,0,0.2436,hospital_B,M,40-64
0,0,0.0789,hospital_B,M,65+
1,1,0.8518,hospital_B,F,0-39
0,0,0.1783,hospital_B,M,0-39
1,1,0.7303,hospital_B,M,40-64
0,0,0.0144,hospital_B,M,0-39
0,1,0.618,hospital_B,F,0-39
1,1,0.8386,hospital_B,M,40-64
1,1,0.576,hospital_B,M,65+
0,0,0.2851,hospital_B,F,0-39
0,0,0.1461,hospital_B,M,0-39
0,0,0.0979,hospital_B,M,40-64
0,0,0.273,hospital_B,M,0-39
1,1,0.6979,hospital_B,M,40-64
1,1,0.5472,hospital_B,M,40-64
1,1,0.7007,hospital_B,F,40-64
0,0,0.1156,hospital_B,F,65+
0,0,0.0867,hospital_B,M,0-39
1,1,0.9337,hospital_B,M,65+
0,0,0.0944,hospital_B,M,65+
1,1,0.8138,hospital_B,M,40-64
1,1,0.8746,hospital_B,F,40-64
1,1,0.7142,hospital_B,M,40-64
0,0,0.0556,hospital_B,M,0-39
0,0,0.1911,hospital_B,F,40-64
0,0,0.2578,hospital_B,M,65+
1,1,0.6522,hospital_B,F,0-39
1,1,0.7729,hospital_B,M,0-39
0,0,0.0891,hospital_B,M,0-39
0,0,0.1089,hospital_B,M,65+
0,0,0.2649,hospital_B,F,40-64
0,0,0.1836,hospital_B,M,0-39
1,1,0.7271,hospital_B,F,0-39
1,1,0.6317,hospital_B,M,0-39
0,0,0.3706,hospital_B,F,65+
1,1,0.5442,hospital_B,M,65+
1,1,0.9105,hospital_B,M,65+
1,1,0.6956,hospital_B,M,40-64
1,1,0.9043,hospital_B,F,65+
0,0,0.2762,hospital_B,M,0-39
1,1,0.7522,hospital_B,M,65+
0,0,0.1472,hospital_B,M,65+
1,1,0.8817,hospital_B,M,40-64
0,0,0.0567,hospital_B,M,65+
1,1,0.6001,hospital_B,F,40-64
1,1,0.8811,hospital_B,M,0-39
0,0,0.2092,hospital_B,M,40-64
0,0,0.304,hospital_B,F,40-64
0,0,0.2993,hospital_B,M,40-64
0,0,0.1463,hospital_B,F,65+
0,0,0.3053,hospital_B,M,40-64
1,1,0.5962,hospital_B,M,0-39
1,1,0.8128,hospital_B,F,40-64
1,0,0.3153,hospital_B,F,0-39
0,0,0.3601,hospital_B,F,40-64
0,0,0.1133,hospital_B,M,40-64
1,1,0.7837,hospital_B,M,65+
0,0,0.3641,hospital_B,M,40-64
0,0,0.4296,hospital_B,M,65+
0,0,0.225,hospital_B,F,65+
1,0,0.4307,hospital_B,F,65+
1,1,0.8298,hospital_B,F,40-64
1,1,0.6959,hospital_B,F,40-64
1,1,0.6232,hospital_B,F,40-64
1,1,0.6477,hospital_B,F,0-39
1,1,0.6499,hospital_B,M,65+
0,0,0.0916,hospital_B,F,0-39
1,1,0.8885,hospital_B,F,40-64
1,1,0.5136,hospital_B,F,0-39
0,0,0.0693,hospital_B,F,65+
1,1,0.5789,hospital_B,F,40-64
1,1,0.6779,hospital_B,M,65+
0,0,0.0978,hospital_B,F,65+
0,0,0.2273,hospital_B,M,40-64
0,0,0.1093,hospital_B,M,65+
1,1,0.5719,hospital_B,F,40-64
0,0,0.2703,hospital_B,F,65+
1,1,0.5151,hospital_B,M,0-39
0,0,0.079,hospital_B,M,65+
1,1,0.6426,hospital_B,M,40-64
0,0,0.1965,hospital_B,F,40-64
0,0,0.1943,hospital_B,F,65+
1,1,0.6085,hospital_B,F,40-64
0,0,0.3786,hospital_B,F,0-39
1,1,0.7365,hospital_B,F,0-39
1,1,0.5073,hospital_B,F,40-64
1,1,0.7067,hospital_B,M,0-39
1,1,0.679,hospital_B,M,0-39
1,1,0.6455,hospital_B,F,40-64
1,1,0.6022,hospital_B,M,65+
1,1,0.8204,hospital_B,M,40-64
1,1,0.5268,hospital_B,F,40-64
1,1,0.866,hospital_B,M,65+
1,1,0.8135,hospital_B,M,0-39
0,0,0.3414,hospital_B,M,0-39
1,1,0.5346,hospital_B,M,65+
0,0,0.0957,hospital_B,M,0-39
0,0,0.1167,hospital_B,M,0-39
1,1,0.6264,hospital_B,F,0-39
1,1,0.5188,hospital_B,M,40-64
1,1,0.7697,hospital_B,F,65+
1,1,0.6389,hospital_B,M,40-64
0,0,0.2907,hospital_B,M,0-39
0,0,0.1456,hospital_B,F,0-39
1,1,0.7768,hospital_B,M,0-39
1,0,0.4736,hospital_B,M,65+
0,0,0.1633,hospital_B,M,65+
1,1,0.7545,hospital_B,F,0-39
0,0,0.0165,hospital_B,M,40-64
1,1,0.7823,hospital_B,F,40-64
0,0,0.017,hospital_B,F,40-64
1,1,0.7969,hospital_B,M,65+
0,0,0.1266,hospital_B,F,40-64
1,1,0.5151,hospital_B,M,40-64
1,1,0.5752,hospital_B,F,0-39
1,1,0.7679,hospital_B,M,0-39
1,1,0.7882,hospital_B,F,65+
1,1,0.7162,hospital_B,M,40-64
0,1,0.565,hospital_B,F,65+
0,0,0.193,hospital_B,M,0-39
1,1,0.7889,hospital_B,M,65+
0,0,0.0531,hospital_B,M,40-64
0,0,0.3728,hospital_B,F,65+
1,1,0.8231,hospital_B,M,0-39
0,0,0.0457,hospital_B,F,65+
1,1,0.7989,hospital_B,M,0-39
0,0,0.0205,hospital_B,F,0-39
0,0,0.033,hospital_B,M,40-64
0,0,0.1362,hospital_B,M,40-64
1,1,0.8556,hospital_B,M,65+
1,1,0.5292,hospital_B,F,0-39
0,0,0.0752,hospital_B,M,65+
0,0,0.1959,hospital_B,F,0-39
1,1,0.6883,hospital_B,M,65+
1,0,0.446,hospital_B,F,40-64
0,0,0.2796,hospital_B,M,40-64
1,1,0.7773,hospital_B,F,0-39
0,0,0.0687,hospital_B,M,40-64
0,0,0.0167,hospital_B,F,40-64
0,0,0.1735,hospital_B,M,0-39
1,1,0.7949,hospital_B,F,65+
0,0,0.1786,hospital_B,M,65+
0,0,0.3248,hospital_B,F,0-39
1,1,0.6596,hospital_B,F,0-39
1,0,0.4629,hospital_B,M,0-39
0,0,0.4621,hospital_B,M,40-64
1,1,0.8444,hospital_B,M,40-64
1,1,0.8656,hospital_B,M,65+
0,0,0.0692,hospital_C,M,65+
0,0,0.15,hospital_C,F,65+
0,0,0.052,hospital_C,F,40-64
0,0,0.3802,hospital_C,F,65+
1,1,0.7711,hospital_C,F,0-39
0,0,0.0732,hospital_C,F,65+
0,0,0.2755,hospital_C,M,40-64
1,1,0.5044,hospital_C,M,40-64
0,0,0.0838,hospital_C,M,40-64
1,0,0.3041,hospital_C,F,65+
0,0,0.0632,hospital_C,F,40-64
1,1,0.6066,hospital_C,F,40-64
0,0,0.061,hospital_C,F,65+
0,0,0.3438,hospital_C,M,0-39
1,1,0.8174,hospital_C,M,65+
1,1,0.831,hospital_C,F,40-64
1,0,0.2762,hospital_C,F,0-39
1,1,0.6502,hospital_C,F,0-39
1,0,0.4617,hospital_C,F,40-64
1,0,0.4439,hospital_C,F,40-64
0,0,0.0618,hospital_C,F,40-64
1,1,0.731,hospital_C,M,65+
1,0,0.1642,hospital_C,M,65+
1,0,0.4998,hospital_C,M,40-64
1,0,0.4247,hospital_C,F,40-64
0,0,0.1267,hospital_C,F,40-64
1,0,0.4383,hospital_C,M,0-39
0,0,0.1889,hospital_C,F,65+
0,0,0.095,hospital_C,M,65+
0,0,0.4073,hospital_C,F,65+
0,0,0.1522,hospital_C,M,40-64
0,0,0.1182,hospital_C,M,0-39
1,1,0.5449,hospital_C,M,65+
0,0,0.0307,hospital_C,F,40-64
1,0,0.3827,hospital_C,M,40-64
1,0,0.1645,hospital_C,F,40-64
1,0,0.4146,hospital_C,M,65+
1,0,0.2686,hospital_C,M,40-64
1,0,0.2382,hospital_C,F,0-39
0,0,0.3274,hospital_C,M,0-39
0,0,0.2825,hospital_C,M,65+
1,1,0.6663,hospital_C,M,40-64
0,0,0.2054,hospital_C,F,40-64
0,0,0.1951,hospital_C,F,65+
0,0,0.0738,hospital_C,M,40-64
1,0,0.27,hospital_C,F,0-39
1,1,0.5193,hospital_C,F,40-64
0,0,0.2032,hospital_C,M,65+
1,0,0.3042,hospital_C,M,65+
0,0,0.1995,hospital_C,F,65+
1,1,0.5705,hospital_C,M,0-39
1,1,0.5233,hospital_C,F,0-39
0,0,0.186,hospital_C,F,0-39
0,0,0.4226,hospital_C,F,40-64
0,0,0.1301,hospital_C,F,65+
0,0,0.0915,hospital_C,F,0-39
1,1,0.7832,hospital_C,F,65+
1,0,0.1279,hospital_C,F,40-64
1,1,0.5812,hospital_C,M,0-39
1,0,0.2878,hospital_C,M,40-64
1,0,0.2859,hospital_C,F,0-39
1,0,0.3881,hospital_C,M,40-64
0,0,0.2845,hospital_C,F,65+
1,1,0.505,hospital_C,F,40-64
1,0,0.2752,hospital_C,F,40-64
1,0,0.3627,hospital_C,M,0-39
0,0,0.2,hospital_C,F,0-39
1,0,0.2759,hospital_C,M,40-64
1,1,0.7353,hospital_C,M,65+
1,1,0.531,hospital_C,F,65+
0,0,0.0828,hospital_C,M,40-64
1,0,0.3143,hospital_C,F,40-64
1,0,0.4479,hospital_C,F,40-64
1,1,0.5074,hospital_C,M,65+
1,1,0.5324,hospital_C,M,0-39
0,0,0.2058,hospital_C,F,0-39
0,0,0.0416,hospital_C,F,0-39
0,0,0.0593,hospital_C,F,40-64
0,0,0.2457,hospital_C,F,65+
1,1,0.6338,hospital_C,F,0-39
0,0,0.1918,hospital_C,M,65+
1,0,0.2926,hospital_C,M,40-64
0,0,0.1984,hospital_C,M,40-64
0,0,0.0559,hospital_C,F,65+
1,0,0.3364,hospital_C,M,65+
1,0,0.4464,hospital_C,F,0-39
1,0,0.221,hospital_C,F,40-64
1,0,0.1542,hospital_C,M,65+
0,0,0.0943,hospital_C,M,40-64
0,0,0.0626,hospital_C,M,65+
1,0,0.4648,hospital_C,M,65+
1,0,0.4613,hospital_C,F,40-64
0,0,0.078,hospital_C,F,65+
1,0,0.2744,hospital_C,F,65+
0,0,0.0704,hospital_C,M,40-64
0,0,0.1862,hospital_C,F,65+
1,1,0.5474,hospital_C,M,65+
0,0,0.3199,hospital_C,F,40-64
0,0,0.2518,hospital_C,F,65+
1,1,0.5456,hospital_C,M,40-64
1,0,0.3855,hospital_C,F,40-64
1,0,0.3613,hospital_C,F,65+
1,0,0.4255,hospital_C,F,65+
0,0,0.194,hospital_C,F,65+
1,0,0.3159,hospital_C,F,0-39
1,0,0.4081,hospital_C,M,65+
0,0,0.017,hospital_C,F,65+
1,1,0.7931,hospital_C,F,65+
0,0,0.0624,hospital_C,M,40-64
0,0,0.0825,hospital_C,M,40-64
0,0,0.3042,hospital_C,F,0-39
1,0,0.4505,hospital_C,M,65+
1,1,0.5736,hospital_C,M,0-39
1,0,0.3919,hospital_C,M,65+
0,0,0.0934,hospital_C,M,65+
0,0,0.2158,hospital_C,F,65+
1,1,0.654,hospital_C,M,65+
1,0,0.3374,hospital_C,F,0-39
1,0,0.4928,hospital_C,M,0-39
1,1,0.7776,hospital_C,F,65+
1,0,0.4017,hospital_C,M,40-64
1,1,0.5405,hospital_C,F,65+
1,1,0.5283,hospital_C,M,0-39
1,0,0.417,hospital_C,F,40-64
0,0,0.2529,hospital_C,F,65+
0,0,0.3086,hospital_C,F,65+
0,0,0.3715,hospital_C,F,0-39
0,0,0.0418,hospital_C,F,40-64
1,0,0.2788,hospital_C,M,65+
0,0,0.118,hospital_C,M,65+
1,1,0.5071,hospital_C,M,40-64
0,0,0.1871,hospital_C,M,0-39
1,1,0.6778,hospital_C,M,40-64
0,0,0.1137,hospital_C,M,40-64
1,0,0.4473,hospital_C,F,0-39
1,0,0.1723,hospital_C,F,65+
0,0,0.2135,hospital_C,M,0-39
0,0,0.0632,hospital_C,M,40-64
1,0,0.252,hospital_C,F,40-64
1,0,0.1971,hospital_C,M,0-39
1,0,0.4855,hospital_C,F,40-64
0,0,0.0567,hospital_C,M,40-64
1,0,0.3147,hospital_C,F,65+
1,1,0.5875,hospital_C,M,40-64
0,0,0.1105,hospital_C,M,0-39
1,0,0.356,hospital_C,M,65+
1,1,0.5083,hospital_C,F,0-39
1,0,0.4218,hospital_C,M,40-64
0,0,0.0678,hospital_C,M,0-39
0,0,0.1622,hospital_C,M,40-64
1,0,0.1936,hospital_C,M,65+
0,0,0.2836,hospital_C,M,65+
1,1,0.5455,hospital_C,M,40-64
1,0,0.4497,hospital_C,M,65+
1,1,0.5224,hospital_C,M,0-39
1,0,0.3312,hospital_C,M,40-64
0,0,0.0794,hospital_C,M,0-39
1,0,0.3281,hospital_C,F,40-64
0,0,0.1871,hospital_C,F,65+
0,0,0.1449,hospital_C,F,0-39
1,0,0.4985,hospital_C,F,40-64
1,1,0.6171,hospital_C,M,40-64
0,0,0.1312,hospital_C,M,0-39
1,1,0.8495,hospital_C,F,40-64
1,0,0.3358,hospital_C,M,65+
1,1,0.6852,hospital_C,F,65+
1,1,0.5641,hospital_C,M,0-39
0,0,0.1951,hospital_C,F,40-64
1,0,0.4572,hospital_C,M,40-64
0,0,0.1755,hospital_C,F,40-64
0,0,0.3512,hospital_C,M,0-39
1,1,0.6267,hospital_C,F,0-39
1,0,0.4966,hospital_C,M,40-64
0,0,0.0848,hospital_C,F,65+
1,1,0.5183,hospital_C,F,40-64
1,0,0.4882,hospital_C,F,0-39
0,0,0.1676,hospital_C,M,65+
1,1,0.6004,hospital_C,M,65+
0,1,0.5765,hospital_C,M,65+
1,0,0.3639,hospital_C,M,0-39
1,1,0.5805,hospital_C,M,40-64
1,1,0.6591,hospital_C,M,0-39
1,0,0.4312,hospital_C,F,40-64
0,0,0.284,hospital_C,M,40-64
1,0,0.4862,hospital_C,M,40-64
1,1,0.6034,hospital_C,M,65+
0,0,0.1508,hospital_C,F,40-64
1,0,0.4171,hospital_C,F,0-39
0,0,0.0591,hospital_C,F,65+
0,0,0.1687,hospital_C,M,65+
0,0,0.1037,hospital_C,F,40-64
1,0,0.4689,hospital_C,F,65+
1,1,0.5282,hospital_C,F,65+
0,0,0.115,hospital_C,F,40-64
0,0,0.0908,hospital_C,F,40-64
0,0,0.1979,hospital_C,F,0-39
0,0,0.1098,hospital_C,M,0-39
1,0,0.2725,hospital_C,F,0-39
0,0,0.154,hospital_C,F,0-39
0,0,0.1964,hospital_C,M,0-39
0,0,0.1929,hospital_C,F,40-64
0,0,0.1496,hospital_C,F,0-39
0,0,0.0572,hospital_C,M,40-64
1,0,0.3844,hospital_C,M,65+
0,0,0.1308,hospital_C,M,65+
1,0,0.1485,hospital_C,M,65+
1,1,0.5045,hospital_C,M,40-64
1,0,0.4477,hospital_C,M,65+
0,0,0.2215,hospital_C,M,40-64
1,0,0.243,hospital_C,F,0-39
0,0,0.0184,hospital_C,F,65+
0,0,0.241,hospital_C,F,40-64
1,0,0.4999,hospital_C,M,40-64
1,0,0.2303,hospital_C,M,0-39
0,0,0.3588,hospital_C,F,40-64
1,1,0.5974,hospital_C,F,65+
1,1,0.5468,hospital_C,M,65+
1,0,0.3553,hospital_C,M,0-39
0,0,0.3805,hospital_C,M,65+
1,1,0.7016,hospital_C,F,40-64
1,0,0.4607,hospital_C,F,40-64
1,0,0.1755,hospital_C,M,0-39
0,0,0.3093,hospital_C,F,65+
1,1,0.522,hospital_C,F,65+
0,0,0.0543,hospital_C,M,0-39
0,0,0.1332,hospital_C,M,65+
0,0,0.2644,hospital_C,M,0-39
0,0,0.0322,hospital_C,F,0-39
1,0,0.4315,hospital_C,M,65+
1,0,0.3803,hospital_C,F,40-64
1,0,0.3855,hospital_C,M,65+
0,0,0.1238,hospital_C,F,40-64
0,0,0.2907,hospital_C,M,40-64
1,1,0.6249,hospital_C,M,40-64
1,1,0.5863,hospital_C,F,0-39
0,0,0.2551,hospital_C,F,0-39
1,0,0.2107,hospital_C,F,0-39
0,0,0.2275,hospital_C,M,65+
1,0,0.4407,hospital_C,M,0-39
1,0,0.2109,hospital_C,M,40-64
1,0,0.3755,hospital_C,M,0-39
1,0,0.3346,hospital_C,M,65+
1,0,0.4391,hospital_C,F,0-39
1,1,0.6486,hospital_C,F,0-39
1,0,0.1727,hospital_C,F,65+
1,1,0.6004,hospital_C,F,40-64
0,0,0.0966,hospital_C,M,40-64
0,0,0.037,hospital_C,F,40-64
0,0,0.2621,hospital_C,F,40-64
0,0,0.0492,hospital_C,M,65+
1,0,0.382,hospital_C,M,40-64
1,0,0.2531,hospital_C,M,0-39
1,0,0.2702,hospital_C,F,65+
0,0,0.2831,hospital_C,F,0-39
0,0,0.1974,hospital_C,F,40-64
1,1,0.6511,hospital_C,M,40-64
0,0,0.0515,hospital_C,F,40-64
1,0,0.3561,hospital_C,M,40-64
1,1,0.6423,hospital_C,M,65+
0,0,0.2283,hospital_C,F,65+
0,0,0.1368,hospital_C,F,0-39
0,0,0.1098,hospital_C,F,40-64
0,0,0.1846,hospital_C,F,0-39
1,0,0.4623,hospital_C,F,40-64
1,0,0.4469,hospital_C,F,40-64
0,0,0.0467,hospital_C,F,40-64
0,0,0.2153,hospital_C,M,65+
1,1,0.5851,hospital_C,F,65+
0,0,0.273,hospital_C,F,0-39
1,1,0.5085,hospital_C,F,40-64
0,0,0.3981,hospital_C,M,0-39
1,0,0.2756,hospital_C,M,0-39
1,0,0.2221,hospital_C,M,40-64
0,0,0.1802,hospital_C,M,0-39
0,0,0.3668,hospital_C,F,0-39
0,0,0.327,hospital_C,F,40-64
1,1,0.6507,hospital_C,M,65+
1,0,0.4165,hospital_C,F,40-64
0,0,0.2161,hospital_C,M,40-64
1,1,0.6667,hospital_C,F,0-39
1,0,0.2738,hospital_C,M,0-39
1,0,0.3514,hospital_C,M,40-64
0,0,0.144,hospital_C,F,40-64
0,0,0.1287,hospital_C,F,0-39
1,1,0.6798,hospital_C,M,0-39
1,0,0.4698,hospital_C,M,40-64
0,0,0.0793,hospital_C,F,65+
1,0,0.4087,hospital_C,M,40-64
0,0,0.0955,hospital_C,M,65+
0,0,0.1088,hospital_C,F,65+
1,1,0.5691,hospital_C,F,40-64
1,1,0.7839,hospital_C,F,65+
1,0,0.2282,hospital_C,F,65+
1,0,0.3186,hospital_C,F,40-64
0,0,0.0886,hospital_C,M,0-39
1,1,0.5895,hospital_C,F,0-39
1,1,0.7316,hospital_C,F,0-39
1,0,0.4255,hospital_C,M,0-39
0,0,0.1011,hospital_C,M,40-64
0,0,0.0579,hospital_C,M,65+
